id,name,location.lat,location.lon,building_type,food_type,image link,image source
"('node', 1198177163)",Nhà Hàng Đồ Ăn Việt Nam Aroma,10.7684684,106.6938884,restaurant,vietnamese,https://dynamic-media-cdn.tripadvisor.com/media/photo-o/11/b8/ce/7a/huong-vi-t-s-views.jpg?w=2000&h=-1&s=1,https://www.tripadvisor.com.vn/Restaurant_Review-g293925-d3589224-Reviews-Huong_Viet_Vietnamese_Aroma-Ho_Chi_Minh_City.html#/media/3589224/?type=ALL_INCLUDING_RESTRICTED&albumid=101&category=101
"('node', 1770193906)",Nhà Hàng Shri Lounge,10.7826304,106.6972822,restaurant,international,https://dynamic-media-cdn.tripadvisor.com/media/photo-o/2b/7d/5d/d5/caption.jpg?w=1400&h=-1&s=1,https://www.tripadvisor.com.vn/Restaurant_Review-g293925-d1741415-Reviews-Shri_Lifestyle_Dining-Ho_Chi_Minh_City.html#/media/1741415/?type=ALL_INCLUDING_RESTRICTED&albumid=101&category=101
"('node', 1770305180)",Nhà Hàng Halal Sai Gon,10.7760297,106.7047293,restaurant,asian,https://dynamic-media-cdn.tripadvisor.com/media/photo-o/18/8c/29/86/khong-gian-m-i-th-t-tuy.jpg?w=1400&h=-1&s=1,https://www.tripadvisor.com.vn/Restaurant_Review-g293925-d1596125-Reviews-Halal_Saigon-Ho_Chi_Minh_City.html#/media/1596125/?type=ALL_INCLUDING_RESTRICTED&albumid=101&category=101
"('node', 1770305230)",Nhà Hàng Cung Đình Rex,10.7754972,106.7007063,restaurant,vietnamese,https://www.rexhotelsaigon.com/wp-content/uploads/sites/174/2020/08/Thi%E1%BA%BFt-k%E1%BA%BF-ch%C6%B0a-c%C3%B3-t%C3%AAn6.png,https://www.rexhotelsaigon.com/vi/dining/cung-dinh-hoang-sa-restaurant/
"('node', 1770597595)",Nhà Hàng Tiệc Cưới 108 Nguyễn Du,10.7754764,106.6956779,restaurant,vietnamese,https://dynamic-media-cdn.tripadvisor.com/media/photo-o/1a/d0/63/78/khuon-vien.jpg?w=1400&h=-1&s=1,https://www.tripadvisor.com.vn/Hotel_Review-g293925-d5453932-Reviews-Nha_Khach_108_Nguyen_Du-Ho_Chi_Minh_City.html#/media/5453932/?type=ALL_INCLUDING_RESTRICTED&albumid=101&category=101
"('node', 1770597616)",Nhà Hàng Alibaba,10.7743953,106.7040996,restaurant,international,https://dynamic-media-cdn.tripadvisor.com/media/photo-o/2d/34/c9/20/caption.jpg?w=1400&h=-1&s=1,https://www.tripadvisor.com.vn/Restaurant_Review-g293925-d28103711-Reviews-Alibaba_Kitchen_Bar-Ho_Chi_Minh_City.html#/media/28103711/?type=ALL_INCLUDING_RESTRICTED&albumid=101&category=101
"('node', 1969579887)",Nhà Hàng Bornga,10.7788067,106.7020073,restaurant,korean,https://dynamic-media-cdn.tripadvisor.com/media/photo-o/13/e2/0a/04/photo0jpg.jpg?w=1400&h=-1&s=1,https://www.tripadvisor.com.vn/Restaurant_Review-g293925-d13137974-Reviews-Bornga_Original_Korean_Taste-Ho_Chi_Minh_City.html#/media/13137974/?type=ALL_INCLUDING_RESTRICTED&albumid=101&category=101
"('node', 1969599008)",Quán Phở 2000,10.7718157,106.697747,restaurant,vietnamese,https://dynamic-media-cdn.tripadvisor.com/media/photo-o/0c/4d/90/9f/relax.jpg?w=1800&h=-1&s=1,https://www.tripadvisor.com.vn/Restaurant_Review-g293925-d1122861-Reviews-PHO_2000-Ho_Chi_Minh_City.html#/media/1122861/?type=ALL_INCLUDING_RESTRICTED&albumid=-183&category=-183
"('node', 1985346231)",Nhà Hàng Ngon,10.7773464,106.6996325,restaurant,vietnamese,https://dynamic-media-cdn.tripadvisor.com/media/photo-o/2e/1e/23/d5/caption.jpg?w=1100&h=-1&s=1,https://www.tripadvisor.com.vn/Restaurant_Review-g293925-d1577234-Reviews-Ngon_Restaurant-Ho_Chi_Minh_City.html#/media/1577234/?type=ALL_INCLUDING_RESTRICTED&albumid=101&category=101
"('node', 1985346309)",Phở 24,10.7718553,106.6975823,restaurant,vietnamese,https://dynamic-media-cdn.tripadvisor.com/media/photo-o/12/7f/f0/3f/pho-24.jpg?w=2000&h=-1&s=1,https://www.tripadvisor.com.vn/Restaurant_Review-g293925-d3346286-Reviews-Pho_24-Ho_Chi_Minh_City.html#/media/3346286/?type=ALL_INCLUDING_RESTRICTED&albumid=101&category=101
"('node', 1987339383)",Nhà Hàng Bên Sông,10.7199051,106.7117175,restaurant,vietnamese,https://nhahangbensong.org/wp-content/uploads/2022/11/nha-hang-ben-song.jpg,https://nhahangbensong.org/
"('node', 1997301812)",Nhà Hàng Cham Charm,10.7245881,106.7197193,restaurant,international,https://dynamic-media-cdn.tripadvisor.com/media/photo-o/04/a6/22/f3/cham-charm.jpg?w=2000&h=-1&s=1,https://www.tripadvisor.com.vn/Restaurant_Review-g293925-d1910245-Reviews-Cham_Charm-Ho_Chi_Minh_City.html#/media/1910245/?type=ALL_INCLUDING_RESTRICTED&albumid=101&category=101
"('node', 2041380423)",Bún Bò Huế Gia Hội,10.78415,106.6975046,restaurant,vietnamese;hue,https://lh3.googleusercontent.com/gps-cs-s/AG0ilSzrHWAFMonGSZF9J1kRMJ5_f27K-xc4niiet6UvijKWbwdJTXPO0mcqPRb5Hc9GH90YNCoh7eBuGGaXx8i0F3aJcrAnq_czxKx7cAMjWOWy00a6HZpO5nJewpTlmJlovrvdWUR0=s1360-w1360-h1020-rw,x
"('node', 2126941304)",5KU Station,10.7794464,106.7042294,restaurant,grill,https://dynamic-media-cdn.tripadvisor.com/media/photo-o/0c/e6/c5/82/dine.jpg?w=2000&h=-1&s=1,https://www.tripadvisor.com.vn/Restaurant_Review-g293925-d4227858-Reviews-5ku_Station-Ho_Chi_Minh_City.html#/media/4227858/?type=ALL_INCLUDING_RESTRICTED&albumid=-183&category=-183
"('node', 2138695625)",Nhà Hàng El Gaucho,10.7780321,106.7036328,restaurant,argentinian,https://dynamic-media-cdn.tripadvisor.com/media/photo-o/03/e5/83/7c/el-gaucho-argentinian.jpg?w=1200&h=-1&s=1,https://www.tripadvisor.com.vn/Restaurant_Review-g293925-d6650475-Reviews-El_Gaucho_Hai_Ba_Trung-Ho_Chi_Minh_City.html#/media/6650475/?type=ALL_INCLUDING_RESTRICTED&albumid=101&category=101
"('node', 2138695626)",Nhà Hàng Nhật Annz,10.7781923,106.7039909,restaurant,japanese,https://www.annz.com.vn/uploads/source/ve-chung-toi/35857918431264004852.jpg,https://www.annz.com.vn/vi/ve-chung-toi
"('node', 2139900977)",Nhà Hàng Beirut,10.7780733,106.7039174,restaurant,lebanese,https://dynamic-media-cdn.tripadvisor.com/media/photo-o/15/24/63/14/beirut-saigon-authentic.jpg?w=1400&h=-1&s=1,https://www.tripadvisor.com.vn/Restaurant_Review-g293925-d2629212-Reviews-Beirut_Mediterranean_Kitchen_Lounge-Ho_Chi_Minh_City.html#/media/2629212/?type=ALL_INCLUDING_RESTRICTED&albumid=101&category=101
"('node', 2158685402)",Nhà Hàng Quảng Đông San Fu Lou,10.7985189,106.6874636,restaurant,chinese,https://dynamic-media-cdn.tripadvisor.com/media/photo-o/06/91/80/93/getlstd-property-photo.jpg?w=2000&h=-1&s=1,https://www.tripadvisor.com.vn/Restaurant_Review-g293925-d7082831-Reviews-San_Fu_Lou_Cantonese_Kitchen_Ab_Tower-Ho_Chi_Minh_City.html#/media/7082831/?type=ALL_INCLUDING_RESTRICTED&albumid=101&category=101
"('node', 2267874378)",Ganh Hao I,10.3593757,107.0601368,restaurant,local,https://dynamic-media-cdn.tripadvisor.com/media/photo-o/0e/e7/6c/6f/good-and-cheap-seafood.jpg?w=2000&h=-1&s=1,https://www.tripadvisor.com.vn/Restaurant_Review-g303946-d1507122-Reviews-Ganh_Hao-Vung_Tau_Ba_Ria_Vung_Tau_Province.html#/media/1507122/?type=ALL_INCLUDING_RESTRICTED&albumid=101&category=101
"('node', 2276291867)",Nhà Hàng Ciao Bella,10.7762605,106.7049669,restaurant,italian_pizza,https://dynamic-media-cdn.tripadvisor.com/media/photo-o/0a/ea/bc/c8/ben-trong-nha-hang-ciao.jpg?w=2000&h=-1&s=1,https://www.tripadvisor.com.vn/Restaurant_Review-g293925-d2351312-Reviews-Ciao_Bella_District_1-Ho_Chi_Minh_City.html#/media/2351312/?type=ALL_INCLUDING_RESTRICTED&albumid=-183&category=-183
"('node', 2286005140)",Nhà Hàng Skewers,10.7790115,106.7047525,restaurant,mediterranean,https://dynamic-media-cdn.tripadvisor.com/media/photo-o/14/9b/44/56/first-floor-terrace.jpg?w=1400&h=-1&s=1,https://www.tripadvisor.com.vn/Restaurant_Review-g293925-d1122894-Reviews-Skewers-Ho_Chi_Minh_City.html#/media/1122894/?type=ALL_INCLUDING_RESTRICTED&albumid=101&category=101
"('node', 2286005151)",Nhà Hàng Som Tum Thai,10.7792532,106.7038786,restaurant,thai,https://dynamic-media-cdn.tripadvisor.com/media/photo-o/19/42/79/cc/getlstd-property-photo.jpg?w=1000&h=-1&s=1,https://www.tripadvisor.com.vn/Restaurant_Review-g293925-d18970750-Reviews-Som_Tum_Thai_Saigon_Centre-Ho_Chi_Minh_City.html#/media/18970750/?type=ALL_INCLUDING_RESTRICTED&albumid=101&category=101
"('node', 2286005155)",Nhà Hàng Namo,10.777874,106.7037686,restaurant,italian,https://dynamic-media-cdn.tripadvisor.com/media/photo-o/2e/91/e5/00/namo-modern-italian.jpg?w=1400&h=-1&s=1,https://www.tripadvisor.com.vn/Restaurant_Review-g293925-d32840550-Reviews-Namo_Modern_Italian-Ho_Chi_Minh_City.html#/media/32840550/?type=ALL_INCLUDING_RESTRICTED&albumid=101&category=101
"('node', 2301050721)",Nhà Hàng Yeebo,10.7249731,106.7199337,restaurant,chinese,https://lh3.googleusercontent.com/p/AF1QipNgg-XKYQzZSp_GhzC25YlFNddykXJmuvIHrOb4=s1360-w1360-h1020-rw,https://www.tripadvisor.com.vn/Restaurant_Review-g293925-d7695018-Reviews-Yeebo_Seafood_Hot_Pot_Restaurant-Ho_Chi_Minh_City.html#/media/7695018/?type=ALL_INCLUDING_RESTRICTED&albumid=101&category=101
"('node', 2301060071)",Nhà Hàng Nhật Bản Tokyo Deli,10.7275927,106.7195082,restaurant,japanese,https://lh3.googleusercontent.com/p/AF1QipNf69tqHPwe76aB7yBaEyWAvId_TZaPWKwkjAFC=s1360-w1360-h1020-rw,x
"('node', 2304958294)",Bánh bèo Tuyết Mai,10.3388111,107.0796958,restaurant,vietnamese,https://lh3.googleusercontent.com/gps-cs-s/AG0ilSwFEiFNk1rITkgsXufTtc2rQdXzNJRocOK17J5extwPzHcNTijmHN_q2F43k5PJ7UZQCN5_tOSYU-oTKtMkjL19q8Q07hFkLzUEU65_5TGlg7-49dgwUFh0tVxaxIIth41hHTU=s1360-w1360-h1020-rw,x
"('node', 2347525006)",HiHi TomYum,10.7302921,106.7095995,restaurant,thai,https://lh3.googleusercontent.com/gps-cs-s/AG0ilSwydLjp6t7Epn_BIRtRC24SnK3VAbwKApck7BGSmf-WGo5g57d_RBPx51DttRts0OVJZFB1CyHfmB7fBVll6gROxqRiZVEpUkgE8xAscKwYKJenyIol2tZUheFfOIi8PaoGbWE=s1360-w1360-h1020-rw,x
"('node', 2347555466)",Quán Mỳ Vằn Thắn,10.7275224,106.7092126,restaurant,vietnamese,https://lh3.googleusercontent.com/gps-cs-s/AG0ilSx4x7gCmmlgNON7bCzdQfCHS9Pg_sGAuaZfPF5KLKYxxtGaVIrIyhWgurchqcRQNKC7KsUaQCRzzK4X28qSIT9lJ4Pg-98vnWI4gJoe1f32RTbVSbIXVyK-7W9geyUC7Pq16hUh=s1360-w1360-h1020-rw,x
"('node', 2403090042)",Lẩu Dê Kỳ Đồng,10.7917958,106.6972343,restaurant,vietnamese,https://lh3.googleusercontent.com/gps-cs-s/AG0ilSyErWcHadi_LPuv_XPvg5ZjPxsqERB42uSrA8wQLA8s7CS-_uyiGEoRBToVP5If1-Fj5hKOnHawcX2_y5yR-ocVtisqKCG3AS2Skx_GUxib8TyxrwDI0VAJ-nWAayy-4LjCIHY=s1360-w1360-h1020-rw,x
"('node', 2480865074)",Nhà Hàng Lemongrass,10.7754055,106.7033338,restaurant,vietnamese,https://dynamic-media-cdn.tripadvisor.com/media/photo-o/2a/4b/56/e4/vietnamese-and-chinese.jpg?w=1400&h=-1&s=1,https://www.tripadvisor.com.vn/Restaurant_Review-g293925-d25897377-Reviews-Lemongrass-Ho_Chi_Minh_City.html#/media/25897377/?type=ALL_INCLUDING_RESTRICTED&albumid=101&category=101
"('node', 2649278141)",Đồ Chiểu Bánh Cuốn,10.349422,107.0775094,restaurant,vietnamese,https://lh3.googleusercontent.com/p/AF1QipNZMZmiplinG_DlU51zIgUKCKcUEP1BR9Wx48LM=s1360-w1360-h1020-rw,
"('node', 2672496004)",Nhà Hàng Lẩu Mắm Phong Lan,10.813877,106.83553,restaurant,vietnamese,https://lh3.googleusercontent.com/gps-cs-s/AG0ilSwyT2jqvVqeRVAs-8Ty-gS5bi9TOSLQkXdlV_3gWdi7in60kqBmE6KWAljiB7bZQO95Qo8ch9w561G-MqnimZgiqY-W1U3Q6SVtVvatjn_4P_mIt8toniJRgbJZXpzq6ABNhjMkew=s1360-w1360-h1020-rw,
"('node', 2978049992)",Nhà Hàng Goldfish,10.7746812,106.7042541,restaurant,vietnamese,https://lh3.googleusercontent.com/gps-cs-s/AG0ilSxf9NP2YwQbMn6kja_mX0FW2m5S1bep0Edm5Kr837F9fHW71mnj2E0G7rBdcUruyH-2A4jgV4oCaZGJY-ivsKVaiMbj2IdLLRIWP5Fc1U_Z-dZXOI5cQL98b2oqb-0bIMclLS12xUDWRfw=s1360-w1360-h1020-rw,
"('node', 3213739749)",Quán Ăn DimSum,10.7896434,106.7041204,restaurant,chinese,https://lh3.googleusercontent.com/gps-cs-s/AG0ilSyiR6uX-uivfC3M1tGcuR21ZUslz04r-i6vubJOOZEeUUhNm0-AGuqL1TYLeYTlpA7yR2aQ6MnlIwBvIOuMkCQdIU56oTnPS1zcWrP8ecbLhWixX4RXYxBFMpS4b2fD05WlH29kAGo6_Fty=s1360-w1360-h1020-rw,
"('node', 3248010584)",Nhà Hàng El Gaucho,10.7777314,106.7045057,restaurant,argentinian,https://lh3.googleusercontent.com/p/AF1QipPKx9sBnfAU29MGY7al5OWcZDzvEZXdoTeI2ki5=s1360-w1360-h1020-rw,
"('node', 3257659065)",Nhà Hàng Golden Elephant,10.7769534,106.704788,restaurant,thai,https://lh3.googleusercontent.com/p/AF1QipOPkevSHV0wHd6tZXnXBAwdwnJq0go4t3v4-63m=s1360-w1360-h1020-rw,
"('node', 3377404612)",Nhà Hàng The Boathouse,10.8089278,106.7382912,restaurant,vietnamese,https://lh3.googleusercontent.com/gps-cs-s/AG0ilSwDvulw99vyBzYZw5pCJJp4-VGJpXrdAzmV_fK6B2Yd3YleyicgXpE9qathpaCHfKfNFLCxMIepJisNY_utAMRmu_cGjm_jdi2ui0tvxarzNUfusfhpVTsaFu3gNCjENxNvkGgUyw=s1360-w1360-h1020-rw,
"('node', 3379310600)",Pendalosco,10.8065193,106.734364,restaurant,italian,https://lh3.googleusercontent.com/gps-cs-s/AG0ilSyVrIhFTVgqrXybjfIio-DgJlubNOuoxsoLfPeP1aKzW8KY1UAkXnNkm1AO-7jMDM4txv0vANhCFObO-Lt2Wj4G75AYDJGXkBCuWbHbM02jR_-VbEFbHWtOUjp1TPLahcD7lbgctUa48i5r=s1360-w1360-h1020-rw,
"('node', 3463000309)",Quán Ngự Bình,10.7924466,106.6820018,restaurant,vietnamese;hue,https://lh3.googleusercontent.com/gps-cs-s/AG0ilSya6iZAb1PNLV1CL2JmM6m89Ho0kXuptspTYCBUhgp-U6Erl2DDMdh8kJkSXEQU7wi926TCT167svTOR86KmaRF3b1dinmV5oBmHTvxm4VdUlD2MSDucvkH9QYvUiVpj85xwTbo=s1360-w1360-h1020-rw,
"('node', 3473955573)",Nhà Hàng Pundjab,10.7680371,106.6941696,restaurant,indian,https://lh3.googleusercontent.com/gps-cs-s/AG0ilSwqvy45U_gwdXuWz3XCKNCJi-iYc75GXKbFGQU-zpbuLTnL6CQD22VdF_0eWtd1CWkGX0XrmlwLkZ6aMfj05DQFoqsgWHRYvhskE0rCtZ4A5Da9Y4OYNuVXqQlmRPN0jyDLjAI-_A=s1360-w1360-h1020-rw,
"('node', 3506699501)",Bánh Xèo 46A,10.7896047,106.6912995,restaurant,vietnamese,https://lh3.googleusercontent.com/gps-cs-s/AG0ilSypuJ2oabu_O2sdxP5loedPY7Gzr7VK8uBmkdhMs_IxlbKC05CdKGcLRZl8fCIxDS4fwidhdbimC7J411gCkeGxCLR7sQ-x4NmXccsPj_iSEpjUbGDxBW5MIBK4x-2OKj-RCCg2dA=s1360-w1360-h1020-rw,
"('node', 3508226903)",Nhà Hàng Pháp La Fourchette,10.7738554,106.7056571,restaurant,french,https://pasgo.vn/Upload/anh-chi-tiet/nha-hang-la-fourchette-ngo-duc-ke-5a-normal-12112385242.webp,
"('node', 3508233797)",Nhà Hàn 3T Quán Nướng,10.7732808,106.7017957,restaurant,barbecue,https://www.foody.vn/ho-chi-minh/quan-nuong-3t,
"('node', 3641662433)",Bánh Cuốn Hải Nam,10.7687389,106.6834665,restaurant,banh_cuon_(breakfast/lunch),https://lh3.googleusercontent.com/gps-cs-s/AG0ilSwpNRF3boruvksi0L9ma4GIu981Xv9qvLlViGXLh4innPhcQw0geTCBncZHEmZjDHc2sZkcggIiF5EuhjbB_o4UUIdCVCOdiLdMmvdVnvAPLd10WGCRj7mGeKaVEWVGSel6GFoA=s1360-w1360-h1020-rw,
"('node', 3756711935)",Nhà Hàng Basilico,10.7814055,106.7011626,restaurant,italian,https://lh3.googleusercontent.com/p/AF1QipPt9jFa5VVcN9tkVlKKNFYigaRPW9puncBIXj1G=s1360-w1360-h1020-rw,
"('node', 3780395065)",Nhà Hàng K-Pub Hoa Đào,10.7978087,106.687348,restaurant,nướng,https://lh3.googleusercontent.com/gps-cs-s/AG0ilSx2YDnChJE_ban1YJNqkF1u-J3ocNSTt0mX7DDaYbyNUSJUpV5MLuJiCvIhqP71g_CF6UxgGlJ3nIJIMYrnkCxaKxY67TzETPYKA3N3cNfYmstd_q_puGz_y3_X29vosXonep3YgQ=s1360-w1360-h1020-rw,
"('node', 3809342864)",Nhà Hàng The Sushi Bar 4,10.775935,106.6878807,restaurant,sushi,https://lh3.googleusercontent.com/gps-cs-s/AG0ilSxD1IWz-d2fkjCHd_3mRk-enrO0tenB38gUlWGyy1EGAU8Kk9ojfm5QIC6iDaHUCzo2ib2GhlcO1azCBJqWlQO44BXqHDeuX9ej6k3H-SAWRyOb6HmNs81ocharbR89tGTVdMpNGA_fSWNg=s1360-w1360-h1020-rw,
"('node', 4138523708)",Nhà Hàng Asian Kitchen,10.7683337,106.6940202,restaurant,vietnamese,https://lh3.googleusercontent.com/p/AF1QipMK0cGGHkwgyvZUOFexiJVrXZLm4mEyciVOCggH=s1360-w1360-h1020-rw,
"('node', 4310134635)",Nhà Hàng Gogi,10.7977766,106.6892286,restaurant,grill,https://lh3.googleusercontent.com/gps-cs-s/AG0ilSyMzPyV0rSYYvLpWJaYiSClsRgqyXWZSJvszpGvFV-e4KFt1oACynS7roCV9I_L_bZKiVB5vTyhkTrDVyQl_xt_kN8NWdMjssfEi5YhzeYkH3WixFOXc_wcgPmW5yV2g4rMXu0CZg=s1360-w1360-h1020-rw,
"('node', 4320846293)",Phở Lệ,10.7553081,106.6736944,restaurant,beef_bowl;noodles,https://lh3.googleusercontent.com/gps-cs-s/AG0ilSyXeZpOACy5qTTOn5eJhdJg9F4xS48H9icS3_AkYcMFq3m3PYakgfgIJUmAKpzh3FBwzZ4eDlsDTSGIUcqG-AUMbI8H9LpssdV9VXaLmD0W3rGRzYXPA5KO4NTKEx90DoZXMPKf=s1360-w1360-h1020-rw,
"('node', 4348630592)",Nhà Hàng Chay Phi Nhung,10.7927744,106.6881528,restaurant,vietnamese,https://lh3.googleusercontent.com/gps-cs-s/AG0ilSwn55vqzvH-f8lILpjFsrMzcpzqoKQLi64kJ7TMhw-lFpcbXGN-djVr1HI6nNaxYAtsrjQbmNT4waQ0WA1B37Phkmu0K8Wwe6nAd3Hqfo-EUCsr2wdnsXwkEDi997CnpuDBPzV50VXDJw65=s1360-w1360-h1020-rw,
"('node', 4393480889)",Taj Mahal,10.7680805,106.6925388,restaurant,curry;indian,https://lh3.googleusercontent.com/gps-cs-s/AG0ilSzfVl9fxUQm4Ddo4IgDFrWZIdxWJditBPFwrNNc8FAdZe2HTpjB6FfakU3iCt_-XuxsvSi7pavgEqett4blet2Je68kP5EPBa6qm2bvcgW48ckjbZIgF507hHtFJQocK2rO8N82fjWIMsGO=s1360-w1360-h1020-rw,
"('node', 4453321310)",Nhà Hàng Soul Burger,10.7724373,106.6988409,restaurant,burger,https://dynamic-media-cdn.tripadvisor.com/media/photo-o/16/09/68/04/the-little-richard.jpg?w=800&h=-1&s=1,
"('node', 4454814943)",Chay Việt An,10.7927349,106.6897313,restaurant,vietnamese,https://lh3.googleusercontent.com/gps-cs-s/AG0ilSxg9sxDIvI82wHncQKYY7Ch9kQxTcd-Ex-dNIxAdIWDBJreCsK-Z6ehrkJW4XnSBueuZRtFJMQogxsg66SCl4NxpW92FqeIezgeKSa2T73K4csBextTlkbFX89fJplMuVgLxbbXynING82H=s1360-w1360-h1020-rw,
"('node', 4524200989)",Gangnam BBQ House,10.7329877,106.708305,restaurant,korean,https://lh3.googleusercontent.com/p/AF1QipMWBehYYZ21USYzMOPdutgvwgU59w6W0Nwys_Sz=s1360-w1360-h1020-rw,
"('node', 4550175291)",Nhà Hàng Chada Thai,10.7734967,106.6973611,restaurant,thai,https://lh3.googleusercontent.com/gps-cs-s/AG0ilSyEjWNWkQRg3FLBcIao2YUC3YSMPFvzOT4uozrq0zv-_rKpzSK3PTn2xaPvFALZssLLY1rjUNL9ue2zgyRp4mRsb90vT0me3BsuPZd2aMorVn5bL2vnKKmx79OS0AUtqGb6SKIGsMe3oTHq=s1360-w1360-h1020-rw,
"('node', 4551672882)",Nhà Hàng Spice India,10.7675973,106.694792,restaurant,indian,https://lh3.googleusercontent.com/p/AF1QipPenXUdUDwo_0ZoKi0yZN0B9ehN3YmpBdDh9ert=s1360-w1360-h1020-rw,
"('node', 4561370930)",Lẩu Mắm Bà Dú,10.7927688,106.6913594,restaurant,vietnamese,https://lh3.googleusercontent.com/gps-cs-s/AG0ilSx_-DRPi3czyos9tTIGYhclrT_3xx0Z1Dm6NO7IJSBBqJTl5c_iiSp3ZcRcrYTaM1jdJczg9d_jeNTmyzethWSDDQS3DdsTd2HXfxmdxYG7_aOqoDWgvezfI9PyDwwgXAqW-ptplQ=s1360-w1360-h1020-rw,
"('node', 4585727871)",Amitaba Cafe - Ẩm Thực Chay,10.7650602,106.6975009,restaurant,vietnamese,https://lh3.googleusercontent.com/gps-cs-s/AG0ilSyPUZgbjvObq8XTKzI9AVU8722pT9WNqdF5A1InPRT7WTNUtUHQvOCFHREap1eHDD78UfHmpXD28K7Qiw4b1l8Tv2Exre3_2Sq_z8PBdA2JpLaT8RPOblZLllZCeHzRv9xhsGmS=s1360-w1360-h1020-rw,
"('node', 4590756189)",Hu Tieu Muc,10.3391776,107.0847141,restaurant,seafood,https://lh3.googleusercontent.com/gps-cs-s/AG0ilSz7BgzH7nN2CIJqwvQf2ttvcsJvn-ANwvZZFaMpu9l7YjdhbfL9Lkjg0D0EBKO3mq4-kkPdqnouLd52t0PJpm9FaosCRfneWkkvvwVXwrVh33xAqoaWhpAnL3qJbQqTb0HrCjgd4O6zPPG9=s1360-w1360-h1020-rw,
"('node', 4590762489)",Sophie,10.3480823,107.0736544,restaurant,american;vietnamese;seafood;pizza;pasta,https://lh3.googleusercontent.com/gps-cs-s/AG0ilSxe-h8a00tUTgmiYqe_z2cDM361V5sV5nIv8kaSOMnthyW5p9FlKOOYxoIyVFRbgLiJp8enYrl1AlhXqKtiXQKuLgn9e43igq_Q1R96IWWLL49kvVCuTmeMVaQlMQ_kcwja1nQ=s1360-w1360-h1020-rw,
"('node', 4596325795)",Quán Bún Đậu Nhà Tôi,10.7603231,106.6689315,restaurant,vietnamese,https://lh3.googleusercontent.com/p/AF1QipM0NA090YUWQBsuf3Mu4OI8qIK7E0nb6i9n-9hY=s1360-w1360-h1020-rw,
"('node', 4603099589)",Nhà Hàng Thanh Mai,10.7715838,106.6965092,restaurant,vietnamese,https://lh3.googleusercontent.com/gps-cs-s/AG0ilSwZXb1fXc11B8HoRKPSBpLvTug3mekvkx42OasY5EADrZgR8rj271C-j85oUACEAZKvIFx8QPTvMN59N3UKLyOnS9VgY-a42uT1s80cMq3yNuGupuTwO3MLwO2MSxYv2-RoYsUP5UxK9EyE=s1360-w1360-h1020-rw,
"('node', 4623800198)",Nhà Hàng Út Cà Mau,10.7844093,106.6919069,restaurant,vietnamese,https://lh3.googleusercontent.com/gps-cs-s/AG0ilSynsDVrL7tWWcpCSUVLeh9-Y2XtGCiP39oM6KPrO4dqx67jg4AvGT2-hCqsvVW-81hxYJ0YGfeBlOEdV6Xz1EVfmenNZHJTU6MMHnTLIlijuO5Ahb6mmBVD7zmLX4w8pFJIs6zj_m0WJaAE=s1360-w1360-h1020-rw,
"('node', 4650868996)",Cháo Tám Hói,10.755777,106.6780371,restaurant,asian,https://lh3.googleusercontent.com/gps-cs-s/AG0ilSzmtBIX2RwjiayBsfRRX61swTdMp25-NM_mKErLmL7-mRzyfZ1dhv2Ea2d3m-IoNPpstYqYy1QxMee-iPg6swfPfWwMiKAfhbILhIlxqC6dINx_8T1ewAMOZgyQRYFpUUPp_9cpOA=s1360-w1360-h1020-rw,
"('node', 4686804617)",Pizza 4P's - Cobi Tower,10.730734,106.724552,restaurant,pizza,https://lh3.googleusercontent.com/p/AF1QipPvYEiDGK9pypc2D5LZycgEDzbBNScjap4t814=s1360-w1360-h1020-rw,
"('node', 4690414289)",Nhà Hàng Busan,10.7942779,106.6958784,restaurant,korean,https://lh3.googleusercontent.com/gps-cs-s/AG0ilSwYBXfWr7I2fY0-Rl5Dk8XCJWJQTLtNa2ZK9557ZA0kWYAzPcwUydzUsYL4oE1d5cqSggPm_BUO3da623B9DOTIqiuPQzBDAS_JAzBO3ttmz4FuKkjEGs6Z9Pgwn3jfWhQ_o5aM3GeTpg-T=s1360-w1360-h1020-rw,
"('node', 4696576905)",Lẩu cá đuối Hai Béo,10.7430941,106.7351789,restaurant,vietnamese;noodle;lẩu_thái;grilled_fish;steamed_fish;stir-fried_vegetables;hotpot,https://lh3.googleusercontent.com/gps-cs-s/AG0ilSzeT-LxfP4Q0tqbSH0nwm7WTL0sxQF7JEeqaOvc0xeLQ6ChmoKIF2qLi7hlUJQNKm4kA2F--WaEWRti1L2Hswn3DVIbr0bLRPdLIrhkrdhFfKUCoUumCPPRc6m5xWe_XJfVLhpN3A=s1360-w1360-h1020-rw,
"('node', 4741763325)",Lẩu Dê Yên Hồng Quang 2,10.8417023,106.6475296,restaurant,"vietnamese, grill",https://lh3.googleusercontent.com/gps-cs-s/AG0ilSwhiqBZnZsO1PmivbvjLwZbhELO6QU4c4MzzaDbNX9S4gMTgjOSPg6FgP8ylJ0J0kN-Lc8kOWR6MM1lI5rggsOuN5pcp24E5s5HfA7PFt-hSV2GIytComTqkDiZ70acdxTqs23j=s1360-w1360-h1020-rw,
"('node', 4742584593)",Infiniti,8.6876695,106.6104244,restaurant,sandwich;international;breakfast;ice_cream;crepe;asian;coffee_shop;pasta;pizza;italian_pizza,https://truonghotel.com.vn/assets/uploads/library/2021/01/8b5445f429d21fccac7970441b1867ab.jpg,
"('node', 4751056521)",Nhà Hàng The Deck Sài Gòn,10.807271,106.74459,restaurant,fine_dining;international;vietnamese;asian,https://lh3.googleusercontent.com/p/AF1QipPSqwCO7PLHS047JfnNdNic4JqstABHY2TAr1Bo=s1360-w1360-h1020-rw,
"('node', 4777146123)",Bún Chả Hà Nội Vân An,10.8132471,106.6677124,restaurant,vietnamese,https://lh3.googleusercontent.com/gps-cs-s/AG0ilSxTSXyLa3FixmC5eCkX3H9ayf4WjP1q80scIbnydtWz-jK6PfiD76l_1vd0purBKEY6PPNHawzHiMKTjEY6_jeISmol7bAMLD4WVX5bpMA5OK5zA3HtA3ZIPsEIIwH-1fEKGwKchQ=s1360-w1360-h1020-rw,
"('node', 4800699522)",Nhà Hàng Ấn Độ Natraj,10.7713086,106.6898605,restaurant,indian,https://lh3.googleusercontent.com/gps-cs-s/AG0ilSzAfLfLCG5W9XcekGZ_b3-B5kjBDJFZwtAel4RtBheCH_nTH83kljJyfggENwxS4cZ8RaoR2jLo4DzoczAUb1EnicHM3rWatsSQLU4MhG4DzEBPrH3V_Ahu0mh6w4rFfjlYYofxHHLpizLd=s1360-w1360-h1020-rw,
"('node', 4815270221)",Nhà Hàng Việt Chay,10.7901879,106.6841344,restaurant,vietnamese,https://lh3.googleusercontent.com/gps-cs-s/AG0ilSzaFtgVY24WZooDX_BVUvgphtLOcnWLXmVFlj6n063e9UEKS1CyeKaxVQSkYZf6UjYJG8wiTJYt-2xr9d3KuTLTJJAnK3c32B7Veb6PZrqI3UQWCN7il6Dm7hySPow_VDowwNte=s1360-w1360-h1020-rw,
"('node', 4815270322)",Phở Chay Nhu,10.7869978,106.6922059,restaurant,vietnamese,https://lh3.googleusercontent.com/p/AF1QipMVSrScLhwddtnRGiedQNTVEITo_zBlbPPUPsL7=s1360-w1360-h1020-rw,
"('node', 4829207027)",Quán Ăn Dương Thành,10.7559138,106.6465668,restaurant,chinese;diner;breakfast;coffee_shop;fish;chicken;seafood;noodles;deli;tea;beef_bowl;asian;regional;vietnamese,https://lh3.googleusercontent.com/p/AF1QipNOX-Fl3OTQqzsG7II37s6zpOMOpJnUaBVYd616=s1360-w1360-h1020-rw,
"('node', 4855417146)",Ganesh,10.7302076,106.7078529,restaurant,indian,https://lh3.googleusercontent.com/gps-cs-s/AG0ilSyUkn-7g_7oEjT5GfBkjINbAtCvxva7-X3K7fhPMGz3q8L71pRCbHTcZpkQK0syyOjUEhTHkea1eWUupGflhnROLn4OeBumd68MmCUOaXfnDKnc4gowKM4Pi4Xa1qhDC1qWFWRNq9oWbAcQ=s1360-w1360-h1020-rw,
"('node', 4855417147)",Kadohachi,10.7293411,106.7089901,restaurant,japanese,https://lh3.googleusercontent.com/p/AF1QipPGooopMUx3VymQDMbvRMHnJR7h4DNMFii_mCVM=s1360-w1360-h1020-rw,
"('node', 4855451452)",Nathalie's,10.7293374,106.7087772,restaurant,thai,https://lh3.googleusercontent.com/gps-cs-s/AG0ilSyILMJsC-gzakdkQBzhpn8ApiFOKA48x2_gD-U6nT6wyPs9re4usXagifRGWkw9_Kj63ZXn2NUOpS2tbTZH9MO9v5xgUq5B3ZlFg21ObqHje1J7G4Xtp-SulxaoYdGQPhu52xRfQmE7NQmZ=s1360-w1360-h1020-rw,
"('node', 4855542417)",RIO Restaurant,10.7332154,106.7086786,restaurant,vietnamese,https://lh3.googleusercontent.com/gps-cs-s/AG0ilSwTfqirvEs5WJcut3S7IcVWQRVPK5VsJLxpKYuCMpcJMDLxuds9ey1ETyFDHQ93UQFFhWRAcWJPCSHcaKNc7EdpdiuGnKoegFPT3OQ9-SugkNiBvUU0foYYAD4moAftSxo1S4Pxig=s1360-w1360-h1020-rw,
"('node', 4861414898)",The Tavern,10.7327247,106.7086924,restaurant,international,https://lh3.googleusercontent.com/gps-cs-s/AG0ilSxMxUV67La4UFnXVM_66zry2BL1HxqFxPyBaC-tEPfNv7QCROxDcQAgKnSviYTS5bTPds6O8LstHnjWsMZG0WIjwen41DtXqggt0kiyWILHR93eBj8EtF9MKaXIHEBjYvioNs6v2Q=s1360-w1360-h1020-rw,
"('node', 4862002521)",CƠM NIÊU MÂY HỒNG,10.6434591,107.0443509,restaurant,vietnamese,https://lh3.googleusercontent.com/gps-cs-s/AG0ilSziK1izSP2nR6KpLV_aWeANqGm53-H7UyQa3JvI3HKQPTe23V_DlR6fR0GpTki9Lv3G4DGouJiNGGC9l7jJMiuAuRtnrhi7OKkkO5k0FTNBu6LByCKrko48ckLIY4yvakF0AyZC7WY8MRUM=s1360-w1360-h1020-rw,
"('node', 4869372313)",Samwon,10.7325567,106.7102193,restaurant,korean,https://lh3.googleusercontent.com/gps-cs-s/AG0ilSxiye19dfQIuqvrQpceLSzp_2lic6RU1riwU57TezDB6mzfl9lsMBbbAMWVz2G9IMC9x-JpVxr9_z4yJwFbGCIu4jf_p04HPnSiN1db_jHxlzZY9FN21RIFb93Ep3ElkBYP_-in=s1360-w1360-h1020-rw,
"('node', 4883409088)",O Tem,10.7304964,106.7083692,restaurant,vietnamese;hue,https://lh3.googleusercontent.com/p/AF1QipNbQc9mzaz7y656_kSQykZteX_uXJNjKEx8aC5_=s1360-w1360-h1020-rw,
"('node', 5001507622)",Phố Nhật Quán,10.7653734,106.6968847,restaurant,ramen;soba;curry;sushi;asian;japanese;grill;seafood;fish;diner,https://lh3.googleusercontent.com/gps-cs-s/AG0ilSyxNknXutt7ArEMQI-L6-Y5Ejq85tSSDqwN5aJ8eiGum4A4NcJ6SsUvlOPxc1yfeGcXIrvkQdMae9uzJb3RyMC9779aTUBLnRRNs_Mz9_XsujQoR0ytAAnB7Gg_HC7TbkMzVmqDhg=s1360-w1360-h1020-rw,
"('node', 5003536418)",Nhà Hàng Bông Súng,10.7782363,106.6990416,restaurant,vietnamese;asian,https://lh3.googleusercontent.com/gps-cs-s/AG0ilSyM4cNSWb6ZMTFYWiqFmLYmiLSNR6_xxuzPuK0OPbvdok4fIaW6vFOtabcb9LHR1hr4oyLcpZfVt9yQPUNBaI9TmaMeL-SLRNmUZpVW3IZT4C2Rg9qJjt1nt9-xI69EIDTrkor8=s1360-w1360-h1020-rw,
"('node', 5004996021)",Phở Cao Vân,10.7847219,106.6994425,restaurant,vietnamese,https://lh3.googleusercontent.com/gps-cs-s/AG0ilSxQjxphFUakWWcnYb-AoqlSWzjMdJwGwcbabq8BpXOGwo_DA2HkPK8kjT93uTh1S9Ntm-WrWV1w4n74ehg-R-cfK7UK83YOpy7g4DJYYKY7XKl9o5e6L8fD3hvEcUYOoZYeT_TZzvE09jk=s1360-w1360-h1020-rw,
"('node', 5015735721)",Nhà hàng Baoz Dimsum,10.7531751,106.6696534,restaurant,chinese;breakfast,https://lh3.googleusercontent.com/p/AF1QipPoolt9kXl5auV6v7gWbSrxPyvcbK0xIcfZ2ERY=s1360-w1360-h1020-rw,
"('node', 5015735821)",Phở Hòa Pasteur,10.7868014,106.689046,restaurant,beef_bowl;noodle,https://lh3.googleusercontent.com/gps-cs-s/AG0ilSzz4xD7a7fwbJvC_Qzz4PzKBPZqBMAciwXnC49KBPvTkXPt3ErpGtTqlxCE9mDTOx5Sex9Cu4X_zwzANP-5QxrK84kYdYZ8r0nIYFAL84T5ra5-7-D83XUEROilTMmS3Q2krCgM89X-8yg=s1360-w1360-h1020-rw,
"('node', 5018135721)",Quán Ốc Cây Bàng,10.8133207,106.667167,restaurant,vietnamese,https://lh3.googleusercontent.com/gps-cs-s/AG0ilSz0yNHmzxciTzu5-glRAbbotvZzdQ07X7stJdDzyVEAUfcahTIR5zTtXrkfhabJtUMx5oj9NbboaogDTKA7JIMtY5NNoQQlqyFMizatz8rk1RE88IN1tdNY-HCkREhabocBZM32=s1360-w1360-h1020-rw,
"('node', 5047033522)",Phở Quỳnh,10.76755,106.6905896,restaurant,vietnamese;beef_bowl;noodle,https://lh3.googleusercontent.com/gps-cs-s/AG0ilSxPVSa71OloXxLP3mAjGaMHBmF1XYMoP7T-Sriag-VeDDxiUSUXuAUODs74tTRjvm0-BQmJMRCTw_zl1X3-AlNF_ver9HmWtsPD_CzdM-6ikudDW3Hw4diG4JESCAhPBMnhuObWzRQlYSQ=s1360-w1360-h1020-rw,
"('node', 5164798028)",Nhà Hàng La Fiesta,10.7691924,106.6972256,restaurant,american;chinese,https://lh3.googleusercontent.com/gps-cs-s/AG0ilSxddWUvOOyoVqujeHhDZu7P2ePEEZC7WC5cUCbt9H8YL6wsK73-OLsiyYs8Uv79a_n-fFcuXbHrnNnKEwwHGodpMfJZRw3H7cn10Dw_MqlcDLUp9kqo4RReXnCwYMhVvgiHyzU-IlPqDmFX=s1360-w1360-h1020-rw,
"('node', 5196266021)",Nhà hàng Hương Huyền,10.7369559,106.6571496,restaurant,vietnamese,https://lh3.googleusercontent.com/p/AF1QipNrZSAY6nP0zjJurrh2vInlRpkvrNbvdPo6b9Yp=s1360-w1360-h1020-rw,
"('node', 5201534721)",Quán Lẩu Bàu Sen,10.7576984,106.678182,restaurant,vietnamese;grill,https://lh3.googleusercontent.com/gps-cs-s/AG0ilSwcXmcJKJVKwNBFNiyg_3SrSvFWNuciNKuqhNxTl8BvYLCrn1aSQd-zOinHM4FuG9dOd3hNOevPoanc1CVWGVzGCIVuNkVQtCQv1_rGiSxqNG0BomeLnubZu0_-IanfRn3kj_IbieUiHr9w=s1360-w1360-h1020-rw,
"('node', 5211544999)",Nhà Hàng Ấn Độ Baba's Kitchen,10.7666611,106.6921932,restaurant,indian,https://lh3.googleusercontent.com/p/AF1QipMmJ_MC4hfunyA76Ft7YXqabNllIGFVGBp1ncbt=s1360-w1360-h1020-rw,
"('node', 5319673321)",Ông Tây Quán Texas Beef,10.9736252,106.6657943,restaurant,american;steak_house;italian;mexican,https://lh3.googleusercontent.com/gps-cs-s/AG0ilSwFrajj0j7ly1NNg96qV4utAC3-4Qc68h9wM2IJQP7g3oXAJGb2Ww87L6eFy1r_cifPJP4VkA3c_4-ZVbam7aZv4aiIMCOQKqpo3ZzaFZedRo_9q0e1ASmSoi5KOL0PN7bIJUpe=s1360-w1360-h1020-rw,
"('node', 5333009921)",Nhà Hàng Margherita,10.768706,106.6942217,restaurant,vietnamese;italian;mexican,https://lh3.googleusercontent.com/gps-cs-s/AG0ilSwC7BUqWGDnu4DFgqm-yg0qxC_FVLZjofEkz490Upye8ET1EcZCpbrvotgOJgdQYy5Zey_0-YPilcpteXwf4t-owNQ07V9K_javWKvkQpJGxI1L0RLwWXFmsqCIkkPzROvUL00=s1360-w1360-h1020-rw,
"('node', 5336398121)",King BBQ Buffet,10.771603,106.6698119,restaurant,korean,https://lh3.googleusercontent.com/gps-cs-s/AG0ilSzabpaA-yGeQPA01-kF8VcU-j_E9RZXZ0gM75IEYBtsEMZlpVkzQspmRgrVMg5ilsBLayNWPxxkx_Xje0K3Gi0rpF0IiXhm2x4li9Ncj5MYAoJQ2l6FVSWDkGGpfnTDfFQfmLpF=s1360-w1360-h1020-rw,
"('node', 5338832321)",Bún thịt nướng Kiều Bảo,10.7651333,106.6948075,restaurant,vietnamese,https://lh3.googleusercontent.com/gps-cs-s/AG0ilSxCw70m2N-RUX6JBxdfcxpXQeJzaC44O0TlO0_F4XVTNM6-GLN4EnZxoao6jzQAebCOEYKiE7AGnNYRjQCUnXZLlUagmfhJcvZCtjZwpKP6Y2kIQUVcfniEdk_69AZom8SqbBpl__yMfq8h=w520-h350-n-k-no,
"('node', 5358262721)",Bánh Canh Cua 270,10.9785012,106.6604214,restaurant,seafood;vietnamese;local,https://lh3.googleusercontent.com/gps-cs-s/AG0ilSwIiJRkqv6vrdXFGJ62tjLgq4S2zCb4FYdQvB4UwygW-GE5tDMyNqQ0BWFnUV8NJJ3NGhKtxsipM4QB2PHRWphDvrzxAX9RwWvlotKspRXCMKK_G3Z-QVBFKzaqb_bSb73T2R1x=s1360-w1360-h1020-rw,
"('node', 5366253649)",Buffalo Wild Wings,10.7706888,106.6696459,restaurant,wings,https://dynamic-media-cdn.tripadvisor.com/media/photo-o/1a/c5/f3/2c/buffalo-wild-wings.jpg?w=1400&h=-1&s=1,
"('node', 5366253654)",Nhà Hàng Món Việt 88,10.7705228,106.6694743,restaurant,vietnamese,https://lh3.googleusercontent.com/gps-cs-s/AG0ilSyRpXjZj0goO4mQjOKRXAOdkNC8B4uTzhFuEUP7S7usxRTStqg-6UVTvFtNgWLaw5oPLV2INnFdE4UtotJTlBXAJMLfBrZxQGGI-gsXGN-L5-Iwt6AujLYa8eRzjaVAoCF-brE=s1360-w1360-h1020-rw,
"('node', 5366253656)",Nhà Hàng Lẩu Hoàng Yến,10.7704859,106.6694797,restaurant,hotpot,https://lh3.googleusercontent.com/gps-cs-s/AG0ilSxGR0BV7E-DtmA4bUZJw_f7NkLuY1IIkildvg7dkjx5HtENpcB7tGQ1H0UNMk288-exzGGAiCVT5jGrAk5eaUzt9PPOSVKaOYJfcgrwauqMEXfBSCgt30RFXi-9EvK23Jc9GxRu=s1360-w1360-h1020-rw,
"('node', 5366253658)",Nhà Hàng Lẩu Mắm Bà Dú,10.7704121,106.6696513,restaurant,seafood,https://lh3.googleusercontent.com/gps-cs-s/AG0ilSzBS1QIg3JIh66G2ZXDXGVLTQ5vdUHqc5H6ZC0ndmb8mi_ceWdW2_nf92leJjf8KR7szLQHSDzM2aRCiC_yMPMq-McxKuKUmWEos8B3l8RcuPPwNCOZP9uAPG0BnqxS9yjaPEmN=s1360-w1360-h1020-rw,
"('node', 5366253665)",Nhà Hàng Hutong,10.7706822,106.6699517,restaurant,hotpot,https://lh3.googleusercontent.com/gps-cs-s/AG0ilSwu0hW-HHVxZpjvCFr508zcgB_q7U9pnUuqnMmpUh6TQcmoBR3TL_fQtdp6fPS97AQN0MFHaz4fxoaERgJEtuH1pvaXvrEc3QqEpTUYbK4WV4nN6_X6WBdHnff5cy7T1UBD7xYq=s1360-w1360-h1020-rw,
"('node', 5366253667)",Nhà Hàng Osaka Osho,10.770528,106.6698042,restaurant,japanese,https://lh3.googleusercontent.com/gps-cs-s/AG0ilSypw7CsLbhKmNhh3cqhSlSRYJiHk0zEgGAwMgBOUg6a22zpQclTk9TN2hxQokAyM9HTI_GJYmw_0S7828Wd_YUaKJo2o7CdLUyRbeX9oi5SQTw5yE39YJVrGEMCJSg36IyMxaH_pQ=s1360-w1360-h1020-rw,
"('node', 5366253668)",Nhà Hàng Pastamania,10.7708205,106.669536,restaurant,italian,https://lh3.googleusercontent.com/gps-cs-s/AG0ilSxy5E3svctId-ckD4p4bitMka1BHWLeQzckQxCnTWmeCZnrtYYi_vz66bcR0_3J0zG7F8zormZKTM7Hy1L2JIEzTscNKIxIdV-nrFZliwb0TDSu6yAE9Z9x4d88KlFXDL5PdcXnbg=s1360-w1360-h1020-rw,
"('node', 5366253669)",Nhà Hàng Shabu Ya,10.7703778,106.6696111,restaurant,japanese,https://lh3.googleusercontent.com/gps-cs-s/AG0ilSznJrj1IUzycscwCe0XTl-7B9oEM-8otUQmYbhH3guvAzyfx2ROrwpxayJ9vAUsVjga5Vp6vwFASSX0FqbaxeuxLvhJNaOKFvO6bEYOCIyG1eBwB0XaPLFnW3EUaL3QTM63Ro3k=s1360-w1360-h1020-rw,
"('node', 5366253670)",Thai Express,10.7707915,106.6696728,restaurant,thai,https://lh3.googleusercontent.com/gps-cs-s/AG0ilSzEN_c-OuQa_cBNq8hYEjQZa8GVGd4o9hsJmWdn1ydmPMJSPY-U7nV52Q17dJFY6SzfP7P4pWnMouXYpdeaKanoHSwLjpII1jXduvBaLa1t0761wNjPR1tDhr2PbfcrzapNXdwkDuhpuU9O=s1360-w1360-h1020-rw,
"('node', 5366253671)",Nhà Hàng Kohako Sushi,10.7707625,106.6695252,restaurant,sushi,https://lh3.googleusercontent.com/gps-cs-s/AG0ilSwdNTlqyqyqYYg_HbfkcYGluP_9CV47UC_VsubFIXoGEK_mbAK4jnTBAszo9Q43SBLklPc5xfPSlLlp5_psHGaX6NoSsEbdpG6f8AWH_fvkh8opKfpDmjn1mtyK3sV11DM5In7-=s1360-w1360-h1020-rw,
"('node', 5366253672)",Tasiki BBQ,10.7704885,106.6698605,restaurant,korean,https://lh3.googleusercontent.com/gps-cs-s/AG0ilSxGTORNvbBku5Q8x-DuotD6AB1Jo39briMBYdjC4Kttdml2YleFYj83XPHgSRumImPxBhX8Njj7muN_FXENOQz7GFuhgnK3zL-azYfYBWF8434AII34VQr9TBEMgurm_AAIK80=s1360-w1360-h1020-rw,
"('node', 5366253676)",Nhà Hàng Kichi Kichi,10.7704543,106.6698793,restaurant,hotpot,https://lh3.googleusercontent.com/gps-cs-s/AG0ilSy_XaV2d0xVh1yDNabDOJkn021XtjbLMNT-7sezdO7pe81NeTAcuUJLk8gstqfkPIjqBJSHmYI22S2kl0I85aSGkG6vaywl1VoWDJV5EiH7-JYxe1kegGkmF6I7kN1riMLfiseM=s1360-w1360-h1020-rw,
"('node', 5366253690)",Nhà Hàng Aka Sushi House,10.7706334,106.6694555,restaurant,sushi,https://lh3.googleusercontent.com/gps-cs-s/AG0ilSxsPll0da9-xCP3G1jbedcpWFM7VQRMrdaX67G9APv-ZY6RSK97tkp66nxztSroJP6z1e7DOewQ-BDiiVMvdTNmUqBAfUusNJToasQFzohXOfu2rNCGk47FbyPHpzE6EqwFhp4S=s1360-w1360-h1020-rw,
"('node', 5375623229)",Nhà Hàng 48 Bistro,10.7714338,106.691936,restaurant,regional;vietnamese,https://lh3.googleusercontent.com/gps-cs-s/AG0ilSzhDOrSbSxJqbI8ePMc08e3MGWesmWfvRuPS1XGBcP13C2GmwlGRLqrMMBewa7XKA_nx-TPUpJ-KIKPBPJs7_MuL_sPyiKvPpKpuHeMsrVTpe2lCUtZANy4SfP-6yS0Maxo3uNedw=s1360-w1360-h1020-rw,
"('node', 5375766600)",Nhà Hàng Meat & Meet,10.7714463,106.692749,restaurant,barbecue;korean;pizza,https://lh3.googleusercontent.com/p/AF1QipM7brbDKw9fj9a2k0L_no0PUNdiZOHEh7Q7qFW_=s1360-w1360-h1020-rw,
"('node', 5388501721)",Nhà Hàng Thai Street,10.8045082,106.7371682,restaurant,thai,https://dynamic-media-cdn.tripadvisor.com/media/photo-o/27/19/79/fc/feel-the-bangkok-vibes.jpg?w=1400&h=-1&s=1,
"('node', 5388552521)",Quán Phở Hùng,10.764853,106.6876056,restaurant,vietnamese;asian,https://lh3.googleusercontent.com/gps-cs-s/AG0ilSxmNip9ciW1JsiTCzMGDlvemXPSv72DJTrbpWb4vlmEWa9uTNCFoilYiWVLJ-slDhRSiuz0Ckf2cLZ1aTFbBK-4HuvvtAED6sdSyr88BXn1BYoz8amOnO6jl9CKzR_baaJ2KvllAQvA8CO0=s1360-w1360-h1020-rw,
"('node', 5584409522)",Nhà Hàng Tân Hải Vân,10.769362,106.6902884,restaurant,chinese,https://lh3.googleusercontent.com/p/AF1QipMuWdveOAOWU4k-z0Zsjv_GZOiQGzpkotE-ePX4=s1360-w1360-h1020-rw,
"('node', 5594543521)",Nhà Hàng Dì Năm Sa Đéc,10.7682523,106.6868828,restaurant,regional;vietnamese,https://lh3.googleusercontent.com/gps-cs-s/AG0ilSyId6fyFbTWPQqFGGQJnflMT_VkLT3z3lEY3shbdXOXHANSGyQKMAhButgTnBo6hDGdf_NABmy57LZTrNitRJkFhYZyjtKH4MsdjDEsvkDgaX1aVRhFWdWrwHmMMu0MW3Ifhenhnv8sbM4=s1360-w1360-h1020-rw,